title,totalScore,reviewsCount,location/lat,location/lng,neighborhood,url,Kecamatan,Jiwa/kmÂ²,nearby_alfamart,second_nearby_alfamart,cluster
Indomaret | Duku,3.7,29,-2.9718034,104.769765,Ilir Timur II,https://www.google.com/maps/search/?api=1&query=Indomaret%20%7C%20Duku&query_place_id=ChIJq7a0-Wt2Oy4Rk6zfVG8z8I4,Ilir Timur II,10071,1,0,0
Indomaret R E Martadinata,4.3,16,-2.9711793,104.7837427,Ilir Timur II,https://www.google.com/maps/search/?api=1&query=Indomaret%20R%20E%20Martadinata&query_place_id=ChIJOSTjKkR2Oy4RTPyHSqPejmM,Ilir Timur II,10071,0,0,1
Indomaret boom baru,3.8,29,-2.9791143,104.7761259,Ilir Timur II,https://www.google.com/maps/search/?api=1&query=Indomaret%20boom%20baru&query_place_id=ChIJhydRJT52Oy4R0Kv103rd10E,Ilir Timur II,10071,1,0,0
Indomaret Ajen,4.4,108,-2.9575344,104.7830154,Ilir Timur II,https://www.google.com/maps/search/?api=1&query=Indomaret%20Ajen&query_place_id=ChIJAfigllh2Oy4R4SMLIEyqvtw,Ilir Timur II,10071,0,0,1
Indomaret,4.3,21,-2.9678127,104.8026465,Kalidoni,https://www.google.com/maps/search/?api=1&query=Indomaret&query_place_id=ChIJoaeIRbJ3Oy4RV73w7cOTg54,Kalidoni,4034,1,0,0
Indomaret Rajawali,3.8,33,-2.96862,104.7636511,Ilir Timur II,https://www.google.com/maps/search/?api=1&query=Indomaret%20Rajawali&query_place_id=ChIJV3sQ1G92Oy4Rbncsb2raRL4,Ilir Timur II,10071,0,0,1
INDOMARET Sahara Agung,5.0,1,-2.9755608,104.7691333,Ilir Timur II,https://www.google.com/maps/search/?api=1&query=INDOMARET%20Sahara%20Agung&query_place_id=ChIJHVzhPFF3Oy4RI8gry6Lcr9Y,Ilir Timur II,10071,0,0,1
Indomaret jln segaran 9 ilir,5.0,1,-2.9794096,104.7676712,Ilir Timur II,https://www.google.com/maps/search/?api=1&query=Indomaret%20jln%20segaran%209%20ilir&query_place_id=ChIJB1PZdVF3Oy4RLkd7cxMDbM4,Ilir Timur II,10071,0,0,1
Indomaret Sultan Syahrir,4.0,100,-2.9633388,104.7797881,Ilir Timur II,https://www.google.com/maps/search/?api=1&query=Indomaret%20Sultan%20Syahrir&query_place_id=ChIJu6d6XFx2Oy4RloFii_pw44Y,Ilir Timur II,10071,1,0,0
Indomaret Singapore Station,3.2,5,-2.9701246,104.7690878,Ilir Timur II,https://www.google.com/maps/search/?api=1&query=Indomaret%20Singapore%20Station&query_place_id=ChIJbUKd_WZ3Oy4R63kc7TzsQP0,Ilir Timur II,10071,0,0,1
Indomaret Mangkubumi 007,1.7,6,-2.9797008,104.7872048,Ilir Timur II,https://www.google.com/maps/search/?api=1&query=Indomaret%20Mangkubumi%20007&query_place_id=ChIJOzoOMY13Oy4RMgqjeyNGjvw,Ilir Timur II,10071,0,0,1
Indomaret,2.5,4,-2.9605871,104.8074101,Kalidoni,https://www.google.com/maps/search/?api=1&query=Indomaret&query_place_id=ChIJg6IJBM93Oy4RRb4f-4qa6Io,Kalidoni,4034,1,0,0
Indomaret Urip Sumoharjo,4.4,235,-2.9634887,104.7851273,Ilir Timur II,https://www.google.com/maps/search/?api=1&query=Indomaret%20Urip%20Sumoharjo&query_place_id=ChIJIwAAQD12Oy4RzFHo8sKXazI,Ilir Timur II,10071,0,0,1
Indomaret RE Martadinata 2112,4.2,65,-2.9655458,104.7904173,Ilir Timur II,https://www.google.com/maps/search/?api=1&query=Indomaret%20RE%20Martadinata%202112&query_place_id=ChIJ1WXqdlJ2Oy4R4VhzT29tRok,Ilir Timur II,10071,1,1,2
Indomaret Sekojo,4.5,443,-2.952887,104.7937746,Kalidoni,https://www.google.com/maps/search/?api=1&query=Indomaret%20Sekojo&query_place_id=ChIJR416x_52Oy4RUcFQWWlFNT0,Kalidoni,4034,1,0,0
INDOMARET BUKIT SANGKAL,4.5,18,-2.9563034,104.7880198,Kalidoni,https://www.google.com/maps/search/?api=1&query=INDOMARET%20BUKIT%20SANGKAL&query_place_id=ChIJ2Vj7Cfh2Oy4RTeyQmKltiYg,Ilir Timur II,10071,0,0,1
Indomaret Perintis Kemerdekaan,3.7,11,-2.9760852,104.7785603,Ilir Timur II,https://www.google.com/maps/search/?api=1&query=Indomaret%20Perintis%20Kemerdekaan&query_place_id=ChIJpyMwlGp2Oy4RpAK3zwolwVM,Ilir Timur II,10071,1,1,2
Indomaret Bambang Utoyo,4.5,51,-2.970395,104.7790408,Ilir Timur II,https://www.google.com/maps/search/?api=1&query=Indomaret%20Bambang%20Utoyo&query_place_id=ChIJa613xUN2Oy4RkNzSvpe0KrA,Ilir Timur II,10071,1,0,0
Indomaret Kalidoni,4.4,255,-2.9608333,104.7936111,Kalidoni,https://www.google.com/maps/search/?api=1&query=Indomaret%20Kalidoni&query_place_id=ChIJZ9qzGlR2Oy4ResXC7FM8B34,Kalidoni,4034,1,0,0
Indomaret Ratu Sianum,3.6,22,-2.9731206,104.7847623,Ilir Timur II,https://www.google.com/maps/search/?api=1&query=Indomaret%20Ratu%20Sianum&query_place_id=ChIJEWi660d2Oy4R7LoBi0K-uGQ,Ilir Timur II,10071,0,0,1
Indomaret | 9 Ilir,4.3,6,-2.9755157,104.7603854,Ilir Timur I,https://www.google.com/maps/search/?api=1&query=Indomaret%20%7C%209%20Ilir&query_place_id=ChIJOU-1JXN2Oy4R4FR8jBcZxyY,Ilir Timur I,12765,1,1,2
indomaret m isa 753,3.2,18,-2.9777425,104.7711242,Ilir Timur II,https://www.google.com/maps/search/?api=1&query=indomaret%20m%20isa%20753&query_place_id=ChIJH0Wnrzx3Oy4RPT1k8vq_6PI,Ilir Timur II,10071,1,0,0
Indomaret | 15 Ilir,4.7,68,-2.9809191,104.7609824,Ilir Timur I,https://www.google.com/maps/search/?api=1&query=Indomaret%20%7C%2015%20Ilir&query_place_id=ChIJtwQP2jR3Oy4RJXgqj9fZDlg,Ilir Timur I,12765,0,0,1
Indomaret Pangeran Antasari,4.1,18,-2.9824273,104.7638225,Ilir Timur I,https://www.google.com/maps/search/?api=1&query=Indomaret%20Pangeran%20Antasari&query_place_id=ChIJcZ6WNxB2Oy4RyND2InKYt-w,Ilir Timur I,12765,0,0,1
Indomaret,3.8,23,-2.9715835,104.7644561,Ilir Timur II,https://www.google.com/maps/search/?api=1&query=Indomaret&query_place_id=ChIJS8Kq_G12Oy4R3uJQOMUkUwg,Ilir Timur II,10071,0,0,1
Indomaret pasundan,4.5,173,-2.9549825,104.7995566,Kalidoni,https://www.google.com/maps/search/?api=1&query=Indomaret%20pasundan&query_place_id=ChIJX6XUT5F3Oy4R9APblhlCJBI,Kalidoni,4034,0,0,1
Indomaret 3 Ilir,4.2,42,-2.9769268,104.7888045,Ilir Timur II,https://www.google.com/maps/search/?api=1&query=Indomaret%203%20Ilir&query_place_id=ChIJNe5enM13Oy4Rwu58lftzLEo,Ilir Timur II,10071,1,0,0
Indomaret Veteran 2,3.9,22,-2.9745949,104.7706403,Ilir Timur II,https://www.google.com/maps/search/?api=1&query=Indomaret%20Veteran%202&query_place_id=ChIJgz1Wr2x2Oy4RPpjaDkdNp5A,Ilir Timur II,10071,1,1,2
Indomaret Segaran,4.5,13,-2.9811957,104.7656274,Ilir Timur II,https://www.google.com/maps/search/?api=1&query=Indomaret%20Segaran&query_place_id=ChIJJTHY7BB2Oy4RaFDHDiWfYzg,Ilir Timur II,10071,1,0,0
Indomaret Akbp Cek Agus,4.1,23,-2.9560987,104.7700996,Ilir Timur III,https://www.google.com/maps/search/?api=1&query=Indomaret%20Akbp%20Cek%20Agus&query_place_id=ChIJMRG-f2F2Oy4R06esYtI56Wc,Ilir Timur III,12064,0,0,1
Indomaret Mangkunegara 2,3.7,3,-2.969005,104.760845,Ilir Timur II,https://www.google.com/maps/search/?api=1&query=Indomaret%20Mangkunegara%202&query_place_id=ChIJl6qqqnF2Oy4RFYIQHBsbbdc,Ilir Timur II,10071,0,0,1
Indomaret Bambang Utoyo 3,3.4,19,-2.9712824,104.7820668,Ilir Timur II,https://www.google.com/maps/search/?api=1&query=Indomaret%20Bambang%20Utoyo%203&query_place_id=ChIJJe9TJmh2Oy4R4UriJejvqH8,Ilir Timur II,10071,0,0,1
Indomaret RE Martadinata 3,4.7,201,-2.9658377,104.7949439,Ilir Timur II,https://www.google.com/maps/search/?api=1&query=Indomaret%20RE%20Martadinata%203&query_place_id=ChIJt_-6dlJ2Oy4RgmGwATMQdVU,Ilir Timur II,10071,0,0,1
Indomaret RW. Mongonsidi,4.2,31,-2.9558432,104.7948544,Kalidoni,https://www.google.com/maps/search/?api=1&query=Indomaret%20RW.%20Mongonsidi&query_place_id=ChIJCzs2LA93Oy4RPqQhB08lkPU,Kalidoni,4034,0,0,1
Indomaret Mayor Zen,3.7,13,-2.9682028,104.805896,Kalidoni,https://www.google.com/maps/search/?api=1&query=Indomaret%20Mayor%20Zen&query_place_id=ChIJWdhwvrJ3Oy4RifmmEeoqdf0,Kalidoni,4034,0,0,1
Indomaret Hybrid Bambang Utoyo 99,4.7,94,-2.9637848,104.7729041,Ilir Timur II,https://www.google.com/maps/search/?api=1&query=Indomaret%20Hybrid%20Bambang%20Utoyo%2099&query_place_id=ChIJqTlZzHd3Oy4ReUW-f8iEsQA,Ilir Timur II,10071,1,0,0
Indomaret Mayor Ruslan 775,4.4,48,-2.9680437,104.7624251,Ilir Timur II,https://www.google.com/maps/search/?api=1&query=Indomaret%20Mayor%20Ruslan%20775&query_place_id=ChIJ7-QOsHF2Oy4RsVYfBCS6vng,Ilir Timur II,10071,1,0,0
Indomaret Mandi Api,4.0,1,-2.9807711,104.7694834,Ilir Timur II,https://www.google.com/maps/search/?api=1&query=Indomaret%20Mandi%20Api&query_place_id=ChIJq_9D_xN2Oy4RXvkPofb6Toc,Ilir Timur II,10071,0,0,1
Indomaret Lingkaran 1,3.8,4,-2.9808765,104.7627476,Ilir Timur I,https://www.google.com/maps/search/?api=1&query=Indomaret%20Lingkaran%201&query_place_id=ChIJs2VsWwN3Oy4R8GD8g_RqoUE,Ilir Timur I,12765,1,0,0
Indomaret Mayor Zen 34,4.5,48,-2.9687719,104.8147775,Kalidoni,https://www.google.com/maps/search/?api=1&query=Indomaret%20Mayor%20Zen%2034&query_place_id=ChIJUwv3obt3Oy4R37ZqxRTb3Aw,Kalidoni,4034,1,0,0
Indomaret Mayjend Satibi Darwis,4.3,69,-3.0426729,104.7163793,Kertapati,https://www.google.com/maps/search/?api=1&query=Indomaret%20Mayjend%20Satibi%20Darwis&query_place_id=ChIJc7UCiKCfOy4Rakg6cYGVvx0,Kertapati,2423,0,0,1
Indomaret Sultan Mansyur 08,5.0,2,-3.0014136,104.7292985,Ilir Barat I,https://www.google.com/maps/search/?api=1&query=Indomaret%20Sultan%20Mansyur%2008&query_place_id=ChIJJcaKJQCfOy4RiHUlazO7tZE,Ilir Barat I,3853,1,0,0
Indomaret Lettu Karim Kadir,4.3,3,-3.0153715,104.6925001,Gandus,https://www.google.com/maps/search/?api=1&query=Indomaret%20Lettu%20Karim%20Kadir&query_place_id=ChIJOwAAAMCfOy4RfZrMG0JxeSY,Gandus,1689,1,0,0
Indomaret Sudirman 1128,4.5,48,-2.9725643,104.7520641,Ilir Timur I,https://www.google.com/maps/search/?api=1&query=Indomaret%20Sudirman%201128&query_place_id=ChIJBTaPHid1Oy4R4kF6FV83diQ,Ilir Timur I,12765,1,0,0
Indomaret,4.0,2,-3.0335599,104.7162283,Kertapati,https://www.google.com/maps/search/?api=1&query=Indomaret&query_place_id=ChIJjeOHkVeeOy4RckwOm-xgn8A,Kertapati,2423,0,0,1
INDOMARET FRESH KEMANG MANIS,3.6,35,-2.9896056,104.7380874,Ilir Barat I,https://www.google.com/maps/search/?api=1&query=INDOMARET%20FRESH%20KEMANG%20MANIS&query_place_id=ChIJSQVQ5PB1Oy4RbZvd8jlDXxM,Ilir Barat I,3853,0,0,1
Indomaret Kemang Agung,4.4,139,-3.0273358,104.7514421,Kertapati,https://www.google.com/maps/search/?api=1&query=Indomaret%20Kemang%20Agung&query_place_id=ChIJ3YNFfXieOy4RMau9A8dhBzc,Kertapati,2423,1,1,2
Indomaret Fresh Jend Sudirman 4,3.1,60,-2.9680811,104.7493452,Kemuning,https://www.google.com/maps/search/?api=1&query=Indomaret%20Fresh%20Jend%20Sudirman%204&query_place_id=ChIJpwUW5dF1Oy4RqWkvGY7J7W0,Kemuning,12621,1,1,2
Indomaret,3.4,11,-3.0160988,104.7206596,Gandus,https://www.google.com/maps/search/?api=1&query=Indomaret&query_place_id=ChIJ64Y6e0eeOy4RCM6YkVBa4cg,Gandus,1689,1,0,0
Indomaret Fresh Kiro Wirosantiko,2.8,32,-2.9894406,104.743427,Ilir Barat I,https://www.google.com/maps/search/?api=1&query=Indomaret%20Fresh%20Kiro%20Wirosantiko&query_place_id=ChIJFQAAAMx1Oy4RMLqub_mbvfI,Ilir Barat I,3853,1,1,2
Indomaret Keramasan,4.4,8,-3.0684414,104.7329255,Kertapati,https://www.google.com/maps/search/?api=1&query=Indomaret%20Keramasan&query_place_id=ChIJLX4dPDyfOy4RNshXanDFJ4U,Kertapati,2423,0,0,1
INDOMARET Jl.TPH Sofyan Kanawas,4.9,11,-3.012128,104.6885373,Gandus,https://www.google.com/maps/search/?api=1&query=INDOMART%20Jl.TPH%20Sofyan%20Kanawas&query_place_id=ChIJ3br7jTyfOy4RvTIS6L6aHgk,Gandus,1689,0,0,1
Indomaret Soekarno-Hatta,2.0,2,-2.9861562,104.7178066,Ilir Barat I,https://www.google.com/maps/search/?api=1&query=Indomaret%20Soekarno-Hatta&query_place_id=ChIJNzxLLlN1Oy4REqafzFG8WoA,Ilir Barat I,3853,1,0,0
Indomaret Pemkot Gandus,3.8,18,-3.006619,104.6915649,Gandus,https://www.google.com/maps/search/?api=1&query=Indomaret%20Pemkot%20Gandus&query_place_id=ChIJSY3h4s-fOy4RUw9fvH7BsFQ,Gandus,1689,0,0,1
Indomaret H. Ahmad Halim,3.0,12,-3.0078099,104.7256784,Gandus,https://www.google.com/maps/search/?api=1&query=Indomaret%20H.%20Ahmad%20Halim&query_place_id=ChIJ_ZgA_TyeOy4Rfl_6CQylsJ8,Gandus,1689,1,0,0
Indomaret 1 Ulu,5.0,1,-3.0088531,104.7523449,Seberang Ulu I,https://www.google.com/maps/search/?api=1&query=Indomaret%201%20Ulu&query_place_id=ChIJ6VXIcEadOy4RHLn5d9NmfDg,Seberang Ulu I,15799,0,0,1
Indomaret Wahid Hasyim 1,4.4,49,-3.015195,104.7554334,Seberang Ulu I,https://www.google.com/maps/search/?api=1&query=Indomaret%20Wahid%20Hasyim%201&query_place_id=ChIJJxcMKd6dOy4R7LYp5Fl6qZM,Seberang Ulu I,15799,1,0,0
indomaret kancil putih,4.3,3,-2.9812676,104.7205378,Ilir Barat I,https://www.google.com/maps/search/?api=1&query=indomaret%20kancil%20putih&query_place_id=ChIJ2QggEFF1Oy4RmBZaRK_iTy8,Ilir Barat I,3853,0,0,1
Indomaret Hybrid Parameswara,4.7,369,-2.9870853,104.7224261,Ilir Barat I,https://www.google.com/maps/search/?api=1&query=Indomaret%20Hybrid%20Parameswara&query_place_id=ChIJuy8n0bB1Oy4R6YdzCBrtWg0,Ilir Barat I,3853,1,1,2
Indomaret Simpang Lima,4.1,10,-2.9432853,104.745257,Sukarami,https://www.google.com/maps/search/?api=1&query=Indomaret%20Simpang%20Lima&query_place_id=ChIJpRxacsx1Oy4R0YpnYTgU6mk,Sukarami,5295,1,0,0
Indomaret Raya Bukit Sejahtera,4.7,76,-3.0074432,104.7195769,Gandus,https://www.google.com/maps/search/?api=1&query=Indomaret%20Raya%20Bukit%20Sejahtera&query_place_id=ChIJ_bFeyrKfOy4RdLdTLbO69hs,Gandus,1689,1,0,0
Indomaret alamsyah 70,4.4,67,-3.0005909,104.720801,Ilir Barat I,https://www.google.com/maps/search/?api=1&query=Indomaret%20alamsyah%2070&query_place_id=ChIJqZUPBvSfOy4R3AFId5Ak1ic,Ilir Barat I,3853,1,0,0
Indomaret Simpang Binjai,4.7,158,-2.99589,104.7360959,Ilir Barat II,https://www.google.com/maps/search/?api=1&query=Indomaret%20Simpang%20Binjai&query_place_id=ChIJBcqtdUh1Oy4Rqc9BT2v5LC0,Ilir Barat II,16715,0,0,1
Indomaret Sudirman 2,4.1,13,-2.9825854,104.7570988,Ilir Timur I,https://www.google.com/maps/search/?api=1&query=Indomaret%20Sudirman%202&query_place_id=ChIJsd3BQA92Oy4Rv0RJx3edS1Q,Ilir Timur I,12765,1,0,0
Indomaret Ahmad Yani F32,4.5,91,-2.9916143,104.7845001,Seberang Ulu II,https://www.google.com/maps/search/?api=1&query=Indomaret%20Ahmad%20Yani%20F32&query_place_id=ChIJicJVO0cERQUR_IPHgZ9PeBo,Seberang Ulu II,12784,1,0,0
INDOMARET PDAM BUKIT LAMA,4.6,146,-3.0105427,104.7305236,Ilir Barat I,https://www.google.com/maps/search/?api=1&query=INDOMARET%20PDAM%20BUKIT%20LAMA&query_place_id=ChIJs5GBHyqfOy4RiMnoIUqdwmA,Ilir Barat I,3853,1,0,0
Indomaret Bukit Lama,4.3,60,-3.001423,104.7429392,Ilir Barat I,https://www.google.com/maps/search/?api=1&query=Indomaret%20Bukit%20Lama&query_place_id=ChIJI8dv1hueOy4RrHGSwb7VJPc,Ilir Barat I,3853,1,0,0
Indomaret Kajan bayan Gandus,4.4,11,-3.0035819,104.6869451,Gandus,https://www.google.com/maps/search/?api=1&query=Indomaret%20Kajan%20bayan%20Gandus&query_place_id=ChIJ4-GOsWCfOy4RSTB12Hz224A,Gandus,1689,0,0,1
Indomaret Lorok Pakjo,3.4,13,-2.9839647,104.7378068,Ilir Barat I,https://www.google.com/maps/search/?api=1&query=Indomaret%20Lorok%20Pakjo&query_place_id=ChIJTz98rO91Oy4RlEKaCfzstT4,Ilir Barat I,3853,1,0,0
Indomaret Merdeka,4.1,18,-2.9915211,104.7555452,Bukit Kecil,https://www.google.com/maps/search/?api=1&query=Indomaret%20Merdeka&query_place_id=ChIJ0Rvq0QB2Oy4RzmUYvMuqoKg,Bukit Kecil,16048,1,0,0
Indomaret plus Puncak Sekuning,3.7,27,-2.9771801,104.737374,Ilir Barat I,https://www.google.com/maps/search/?api=1&query=Indomaret%20plus%20Puncak%20Sekuning&query_place_id=ChIJpciX0el1Oy4RQ8y1b8p9Qpo,Ilir Barat I,3853,0,0,1
Indomaret 26 Ilir D. I,4.3,7,-2.9853669,104.744103,Ilir Barat I,https://www.google.com/maps/search/?api=1&query=Indomaret%2026%20Ilir%20D.%20I&query_place_id=ChIJE5rZ6k11Oy4RViHvs4S4UJ4,Ilir Barat I,3853,0,0,1
Indomaret Tj. Barangan,4.5,32,-2.9818251,104.712899,Ilir Barat I,https://www.google.com/maps/search/?api=1&query=Indomart%20Tj.%20Barangan&query_place_id=ChIJpwa6oLZ1Oy4RJm5-izKnLXM,Ilir Barat I,3853,1,0,0
Indomaret Demang 35,4.5,750,-2.982075,104.7238999,Ilir Barat I,https://www.google.com/maps/search/?api=1&query=Indomaret%20Demang%2035&query_place_id=ChIJ4-Fw8ZN1Oy4R9NLmGEZIwHY,Ilir Barat I,3853,1,0,0
INDOMARET TANJUNG BARANGAN MUTIARA HOMES,4.5,2,-2.9718828,104.6886359,Ilir Barat I,https://www.google.com/maps/search/?api=1&query=INDOMARET%20TANJUNG%20BARANGAN%20MUTIARA%20HOMES&query_place_id=ChIJWZwqLAB1Oy4R9k_TcT6RHYc,Ilir Barat I,3853,0,0,1
Indomaret tanjung barangan 12,4.5,6,-2.9783074,104.7004005,Ilir Barat I,https://www.google.com/maps/search/?api=1&query=Indomaret%20tanjung%20barangan%2012&query_place_id=ChIJpWLMt7V1Oy4Rs71bGX9jGz8,Ilir Barat I,3853,1,0,0
Indomaret Alamsyah Ratu,3.3,20,-2.9933666,104.7200472,Ilir Barat I,https://www.google.com/maps/search/?api=1&query=Indomaret%20Alamsyah%20Ratu&query_place_id=ChIJpTCV_Yh1Oy4RMvfLGaw-Ntg,Ilir Barat I,3853,1,0,0
Indomaret Demang Lebar Daun,4.5,198,-2.9748896,104.7261363,Ilir Barat I,https://www.google.com/maps/search/?api=1&query=Indomaret%20Demang%20Lebar%20Daun&query_place_id=ChIJZznCrb91Oy4RdDzkQzhpKz4,Ilir Barat I,3853,0,0,1
Indomaret Soekarno Hatta,4.5,165,-2.9255038,104.7101703,Alang-Alang Lebar,https://www.google.com/maps/search/?api=1&query=Indomaret%20Soekarno%20Hatta&query_place_id=ChIJ2btg8BoQRQUR6J2p862_Auk,Alang-Alang Lebar,4823,0,0,1
INDOMARET,4.6,235,-2.9660341,104.7176589,Ilir Barat I,https://www.google.com/maps/search/?api=1&query=INDOMARET&query_place_id=ChIJ2_9FJDt1Oy4RZcfDDsfwwT0,Ilir Barat I,3853,0,0,1
Indomaret R.Soekamto I,4.2,12,-2.9524391,104.7577748,Kemuning,https://www.google.com/maps/search/?api=1&query=Indomaret%20R.Soekamto%20I&query_place_id=ChIJr5FyU4F2Oy4RDAaLnxpEmYU,Kemuning,12621,0,0,1
Indomaret Kl Merogan,4.3,273,-3.0331782,104.7519853,Kertapati,https://www.google.com/maps/search/?api=1&query=Indomaret%20Kl%20Merogan&query_place_id=ChIJIV57in-eOy4RMV4rnySXr9k,Kertapati,2423,1,0,0
Indomaret Sosial 12,4.5,43,-2.9517507,104.7364763,Sukarami,https://www.google.com/maps/search/?api=1&query=Indomaret%20Sosial%2012&query_place_id=ChIJiyBFFcR1Oy4RoSaYis3X13I,Sukarami,5295,1,0,0
Indomaret Angkatan 45 Palembang,3.8,21,-2.9706033,104.736401,Ilir Barat I,https://www.google.com/maps/search/?api=1&query=Indomaret%20Angkatan%2045%20Palembang&query_place_id=ChIJF5t81Nx1Oy4RL-MR2VSk34k,Ilir Barat I,3853,0,0,1
Indomaret H Sanusi,2.9,28,-2.9489174,104.7425219,Kemuning,https://www.google.com/maps/search/?api=1&query=Indomaret%20H%20Sanusi&query_place_id=ChIJlyXR5jF0Oy4RwxTrDr4AOiw,Kemuning,12621,1,0,0
Indomaret Puncak Sekuning Ilir Barat 1,4.5,205,-2.9795252,104.7374739,Ilir Barat I,https://www.google.com/maps/search/?api=1&query=Indomaret%20Puncak%20Sekuning%20Ilir%20Barat%201&query_place_id=ChIJoerRIAh1Oy4RPzlTzXB2MRw,Ilir Barat I,3853,0,0,1
Indomaret Trikora,4.0,21,-2.9678644,104.7394537,Ilir Barat I,https://www.google.com/maps/search/?api=1&query=Indomaret%20Trikora&query_place_id=ChIJo64yRMV1Oy4Rf7rdv4gvRXo,Ilir Barat I,3853,1,0,0
Indomaret Trikora Indah,4.5,350,-2.9678733,104.7357398,Ilir Barat I,https://www.google.com/maps/search/?api=1&query=Indomaret%20Trikora%20Indah&query_place_id=ChIJI2GNRsV1Oy4R6k6rI1eMfdw,Ilir Barat I,3853,0,0,1
Indomaret Anwar Arsyad,4.4,209,-2.9670794,104.7245347,Ilir Barat I,https://www.google.com/maps/search/?api=1&query=Indomaret%20Anwar%20Arsyad&query_place_id=ChIJC9fZ37l1Oy4RF0tkPj0WQwo,Ilir Barat I,3853,1,0,0
Indomaret Letnan Murod,4.5,67,-2.956203,104.7273119,Ilir Timur I,https://www.google.com/maps/search/?api=1&query=Indomaret%20Letnan%20Murod&query_place_id=ChIJE_HfBTN1Oy4RFcSOTXvcbfA,Ilir Timur I,12765,1,1,2
Indomaret Inspektur Marzuki 2,3.9,18,-2.963475,104.734318,Ilir Barat I,https://www.google.com/maps/search/?api=1&query=Indomaret%20Inspektur%20Marzuki%202&query_place_id=ChIJ0fI1NMl1Oy4RhFO2FGPn6Ds,Ilir Barat I,3853,1,0,0
Indomaret Demang Lebar Daun,4.4,115,-2.974004,104.743078,Ilir Barat I,https://www.google.com/maps/search/?api=1&query=Indomaret%20Demang%20Lebar%20Daun&query_place_id=ChIJC7tB_tx1Oy4R_fUN5niS5aE,Ilir Barat I,3853,1,0,0
Indomaret Rs. Hermina palembang,3.4,22,-2.955342,104.7483351,Kemuning,https://www.google.com/maps/search/?api=1&query=Indomaret%20Rs.%20Hermina%20palembang&query_place_id=ChIJZ4OlZWZ1Oy4R4CGJCLhFoNw,Kemuning,12621,1,1,2
Indomaret Marzuki kamboja,4.4,134,-2.9713434,104.7479965,Ilir Timur I,https://www.google.com/maps/search/?api=1&query=Indomaret%20Marzuki%20kamboja&query_place_id=ChIJVUYi7Ud1Oy4Rfz7Ca2PXx68,Ilir Timur I,12765,0,0,1
Indomaret Ario Kemuning,4.1,17,-2.9596348,104.739168,Kemuning,https://www.google.com/maps/search/?api=1&query=Indomaret%20Ario%20Kemuning&query_place_id=ChIJ1XNGYSt0Oy4RcrhPAw63oWI,Kemuning,12621,0,0,1
Indomaret Ariodillah,4.6,13,-2.966402,104.7401226,Ilir Timur I,https://www.google.com/maps/search/?api=1&query=Indomaret%20Ariodillah&query_place_id=ChIJ9f__PwKeOy4RlCnQbOG8pMs,Ilir Timur I,12765,0,0,1
Indomaret Srijaya,4.5,118,-2.9520194,104.7277575,Alang-Alang Lebar,https://www.google.com/maps/search/?api=1&query=Indomaret%20Srijaya&query_place_id=ChIJC8Ex8kl0Oy4RxMKHbqtDTnY,Alang-Alang Lebar,4823,0,0,1
Indomaret Point,3.2,5,-2.9771596,104.7373595,Ilir Barat I,https://www.google.com/maps/search/?api=1&query=Indomaret%20Point&query_place_id=ChIJwTs0tm11Oy4R0cSlaJdQD1k,Ilir Barat I,3853,0,0,1
Indomaret Inspektur Marzuki 8700,4.5,23,-2.9623648,104.724975,Ilir Barat I,https://www.google.com/maps/search/?api=1&query=Indomaret%20Inspektur%20Marzuki%208700&query_place_id=ChIJb5BwDWx1Oy4R7-6zRROumFg,Ilir Barat I,3853,0,0,1
Indomaret Dwikora 2,5.0,1,-2.9701096,104.7411009,Ilir Timur I,https://www.google.com/maps/search/?api=1&query=Indomaret%20Dwikora%202&query_place_id=ChIJh9mp0Fl1Oy4R1xgPYLpWEx8,Ilir Timur I,12765,1,0,0
Indomaret Kompleks PCC,4.5,2,-2.9818759,104.7473286,Bukit Kecil,https://www.google.com/maps/search/?api=1&query=Indomaret%20Kompleks%20PCC&query_place_id=ChIJvR-37tR1Oy4RKqs2hYRq6ZQ,Bukit Kecil,16048,1,0,0
Indomaret anwar sastro,4.3,8,-2.9773141,104.7474672,Ilir Timur I,https://www.google.com/maps/search/?api=1&query=Indomaret%20anwar%20sastro&query_place_id=ChIJSWZpvOB1Oy4RKc26uoYtdhQ,Ilir Timur I,12765,1,0,0
Indomaret Jendsu,4.6,158,-2.9656017,104.7461035,Ilir Timur I,https://www.google.com/maps/search/?api=1&query=Indomaret%20Jendsu&query_place_id=ChIJWfW_ytB1Oy4RhdZUJ7BaGUU,Ilir Timur I,12765,1,1,2
Indomaret Lubuk Bakung,3.0,2,-2.9682432,104.7122859,Ilir Barat I,https://www.google.com/maps/search/?api=1&query=Indomaret%20Lubuk%20Bakung&query_place_id=ChIJY6pr-Gx1Oy4RlOMbhRInIls,Ilir Barat I,3853,0,0,1
Indomaret Mandi Api,3.0,4,-2.954602,104.7248041,Alang-Alang Lebar,https://www.google.com/maps/search/?api=1&query=Indomaret%20Mandi%20Api&query_place_id=ChIJd-17A0t0Oy4RRUBOe6WH5kU,Alang-Alang Lebar,4823,0,0,1
Indomaret Radial,3.0,5,-2.9818637,104.7483315,Bukit Kecil,https://www.google.com/maps/search/?api=1&query=Indomaret%20Radial&query_place_id=ChIJx3y12uN1Oy4RvhNQVL0lchg,Bukit Kecil,16048,1,0,0
Indomaret Inspektur Marzuki 773,3.8,8,-2.9623721,104.7296828,Ilir Barat I,https://www.google.com/maps/search/?api=1&query=Indomaret%20Inspektur%20Marzuki%20773&query_place_id=ChIJ2z_u9sl1Oy4RDCWmNlzKxTM,Ilir Barat I,3853,0,0,1
Indomaret Wayhitam,4.0,6,-2.9628671,104.7273329,Ilir Barat I,https://www.google.com/maps/search/?api=1&query=Indomaret%20Wayhitam&query_place_id=ChIJ00S2ErZ1Oy4RDRWLKaMsF_Y,Ilir Barat I,3853,1,0,0
INDOMARET Sukasari,2.0,3,-2.964384,104.7006739,Alang-Alang Lebar,https://www.google.com/maps/search/?api=1&query=INDOMARET%20Sukasari&query_place_id=ChIJpZJGoF91Oy4Rs3D2PhYnLRE,Alang-Alang Lebar,4823,0,0,1
Indomaret Simpang Irigasi,4.0,6,-2.9579657,104.703781,Alang-Alang Lebar,https://www.google.com/maps/search/?api=1&query=Indomaret%20Simpang%20Irigasi&query_place_id=ChIJUeC2SgR1Oy4RhKL8BylZgIw,Alang-Alang Lebar,4823,0,0,1
INDOMARET TALANG RATU,4.8,8,-2.9561443,104.7273873,Alang-Alang Lebar,https://www.google.com/maps/search/?api=1&query=INDOMARET%20TALANG%20RATU&query_place_id=ChIJOxXOM1J1Oy4RHv0BO0mthFo,Alang-Alang Lebar,4823,1,1,2
ATM BCA Indomaret,5.0,2,-2.9773973,104.742134,Ilir Barat I,https://www.google.com/maps/search/?api=1&query=ATM%20BCA%20Indomaret&query_place_id=ChIJNZ2JR8Z1Oy4RKsvO5F6JHBQ,Ilir Barat I,3853,1,0,0
Indomaret Kasnariansyah,4.4,171,-2.9580939,104.7361307,Ilir Timur I,https://www.google.com/maps/search/?api=1&query=Indomaret%20Kasnariansyah&query_place_id=ChIJb1wsucx1Oy4RohBP0TbeGzQ,Ilir Timur I,12765,0,0,1
indomaret sp sukajaya,4.6,81,-2.9491462,104.7367553,Sukarami,https://www.google.com/maps/search/?api=1&query=indomaret%20sp%20sukajaya&query_place_id=ChIJQ6kVbBR1Oy4RsZtspEkK_Fc,Sukarami,5295,0,0,1
INDOMARET 2 MATA MERAH,3.0,2,-2.9589685,104.8251963,Kalidoni,https://www.google.com/maps/search/?api=1&query=INDOMARET%202%20MATA%20MERAH&query_place_id=ChIJEVkf_Z53Oy4RoG_-fz1MyRU,Kalidoni,4034,1,0,0
Indomaret Simpang Red Eye (Major Zen 2),4.2,15,-2.9683532,104.8214976,Kalidoni,https://www.google.com/maps/search/?api=1&query=Indomaret%20Simpang%20Red%20Eye%20(Major%20Zen%202)&query_place_id=ChIJOdn-ort3Oy4RPWvGI3xVtq0,Kalidoni,4034,0,0,1
Indomaret,4.4,144,-2.9564148,104.8365634,Sematang Borang,https://www.google.com/maps/search/?api=1&query=Indomaret&query_place_id=ChIJM-SAkKx3Oy4RqlAbGx9hb9g,Sematang Borang,2884,1,0,0
Indomaret Red Eye,4.4,424,-2.963368,104.8232469,Kalidoni,https://www.google.com/maps/search/?api=1&query=Indomaret%20Red%20Eye&query_place_id=ChIJafOqYZh3Oy4RB2GWkBcYh5w,Kalidoni,4034,0,0,1
Indomaret Bagus Kuning,4.6,275,-2.9946609,104.808239,Plaju,https://www.google.com/maps/search/?api=1&query=Indomaret%20Bagus%20Kuning&query_place_id=ChIJLYEN19d3Oy4RJjoNekLSTAo,Plaju,6026,1,0,0
Indomaret Sentosa Plaju,3.8,4,-2.9937698,104.8020346,Seberang Ulu II,https://www.google.com/maps/search/?api=1&query=Indomaret%20Sentosa%20Plaju&query_place_id=ChIJ581PnMB3Oy4RCSlRWJyBg1s,Seberang Ulu II,12784,0,0,1
Indomaret Di Panjaitan Ulu,5.0,1,-2.9956153,104.8130381,Plaju,https://www.google.com/maps/search/?api=1&query=Indomaret%20Di%20Panjaitan%20Ulu&query_place_id=ChIJu02xODmdOy4RhGxzKf--mx0,Plaju,6026,0,0,1
Indomaret Ombai Akas,5.0,6,-2.9528503,104.8402277,Sematang Borang,https://www.google.com/maps/search/?api=1&query=Indomaret%20Ombai%20Akas&query_place_id=ChIJ-ULnjdp3Oy4ReLLQ6EQ8tVQ,Sematang Borang,2884,0,0,1
Indomaret Prajurit Nazarudin,4.7,33,-2.9472431,104.8004411,Kalidoni,https://www.google.com/maps/search/?api=1&query=Indomaret%20Prajurit%20Nazarudin&query_place_id=ChIJp6qq6kx2Oy4RdsEzXFujXF4,Kalidoni,4034,1,0,0
Indomaret Ahmad Yani 722,5.0,3,-2.9946211,104.7787488,Seberang Ulu II,https://www.google.com/maps/search/?api=1&query=Indomaret%20Ahmad%20Yani%20722&query_place_id=ChIJO7ztB1t3Oy4RI7N5YAUbUSw,Seberang Ulu II,12784,1,1,2
Indomaret mayor zen 75,4.6,32,-2.9680954,104.8187672,Kalidoni,https://www.google.com/maps/search/?api=1&query=Indomaret%20mayor%20zen%2075&query_place_id=ChIJt-GWBDh3Oy4RXydRmc1K3S0,Kalidoni,4034,1,0,0
Indomaret Puncak Raya,2.7,6,-2.9854613,104.7382441,Ilir Barat I,https://www.google.com/maps/search/?api=1&query=Indomaret%20Puncak%20Raya&query_place_id=ChIJx0SWll91Oy4R0AGtLP8d9JQ,Ilir Barat I,3853,0,0,1
Indomaret Srijaya Negara Palembang,4.1,41,-2.9878689,104.732727,Ilir Barat I,https://www.google.com/maps/search/?api=1&query=Indomaret%20Srijaya%20Negara%20Palembang&query_place_id=ChIJcwAAwByeOy4R9Hhr21QqYiQ,Ilir Barat I,3853,1,0,0
Indomaret,3.3,12,-2.9875279,104.7499249,Bukit Kecil,https://www.google.com/maps/search/?api=1&query=Indomaret&query_place_id=ChIJHZpjF_11Oy4Rd8T5NAA7DPw,Bukit Kecil,16048,1,1,2
Indomaret Alang-Alang Lebar,4.5,355,-2.9135432,104.6960995,Alang-Alang Lebar,https://www.google.com/maps/search/?api=1&query=Indomaret%20Alang-Alang%20Lebar&query_place_id=ChIJp9_BentzOy4R-Wjuw0jrRzE,Alang-Alang Lebar,4823,1,0,0
Indomaret SMD 12,5.0,5,-2.9132242,104.6818549,Sukarami,https://www.google.com/maps/search/?api=1&query=Indomaret%20SMD%2012&query_place_id=ChIJd9DJSqJzOy4RB7cxiSSOfqU,Sukarami,5295,1,0,0
Indomaret SMB 2 Km12,3.5,11,-2.9137318,104.6848248,Alang-Alang Lebar,https://www.google.com/maps/search/?api=1&query=Indomaret%20SMB%202%20Km12&query_place_id=ChIJM4PqKGdzOy4RBw-r2XvCebE,Alang-Alang Lebar,4823,1,0,0
Indomaret,4.4,68,-2.8847368,104.7046876,Sukarami,https://www.google.com/maps/search/?api=1&query=Indomaret&query_place_id=ChIJLUjtqVZzOy4R6RSWAAdPfsQ,Sukarami,5295,0,0,1
Point Coffee,4.5,127,-2.9136967,104.6848544,Sukarami,https://www.google.com/maps/search/?api=1&query=Point%20Coffee&query_place_id=ChIJiW75KGdzOy4Rwqz_sByYc7M,Sukarami,5295,1,0,0
Indomaret Dani Efendi 932,4.4,220,-2.8846759,104.6948445,Sukarami,https://www.google.com/maps/search/?api=1&query=Indomaret%20Dani%20Efendi%20932&query_place_id=ChIJFciRXANzOy4RO5fLvFMFU7k,Sukarami,5295,0,0,1
Indomaret Sukodadi,4.3,123,-2.9061999,104.6858892,Sukarami,https://www.google.com/maps/search/?api=1&query=Indomaret%20Sukodadi&query_place_id=ChIJDYZor_lzOy4RXr_dysrpM0Q,Sukarami,5295,0,0,1
Indomaret Lukman Idris (TJ4X),4.2,275,-2.9108032,104.6923102,Sukarami,https://www.google.com/maps/search/?api=1&query=Indomaret%20Lukman%20Idris%20(TJ4X)&query_place_id=ChIJwSYmPmVzOy4RalT5uC5V9SE,Sukarami,5295,0,0,1
Indomaret Sultan Mahmud Badarudin II (2),3.5,2,-2.8947859,104.7042846,Sukarami,https://www.google.com/maps/search/?api=1&query=Indomaret%20Sultan%20Mahmud%20Badarudin%20II%20(2)&query_place_id=ChIJ8xTe4gVzOy4R95rVJsSq6fA,Sukarami,5295,0,0,1
Indomaret Talang Betutu,4.4,266,-2.8936691,104.6802257,Sukarami,https://www.google.com/maps/search/?api=1&query=Indomaret%20Talang%20Betutu&query_place_id=ChIJN3XnuD1zOy4RHuG0s9Vt6hw,Sukarami,5295,1,0,0
Indomaret Bandara SMB II Palembang,4.8,23,-2.8947167,104.7048446,Sukarami,https://www.google.com/maps/search/?api=1&query=Indomaret%20Bandara%20SMB%20II%20Palembang&query_place_id=ChIJS_AMDwpzOy4RH-KVzyi8x4M,Sukarami,5295,0,0,1
Indomaret Talang Betutu Lama,3.6,8,-2.900536,104.6747749,Sukarami,https://www.google.com/maps/search/?api=1&query=Indomaret%20Talang%20Betutu%20Lama&query_place_id=ChIJdViElnBzOy4Rltf6CnPgvug,Sukarami,5295,0,0,1
Indomaret Talang Jambe,3.5,68,-2.8953552,104.7261553,Sukarami,https://www.google.com/maps/search/?api=1&query=Indomaret%20Talang%20Jambe&query_place_id=ChIJGakFJL9zOy4Rjce5WuGvL20,Sukarami,5295,0,0,1
Indomaret Sohar 03,5.0,1,-2.9210957,104.7113164,Sukarami,https://www.google.com/maps/search/?api=1&query=Indomaret%20Sohar%2003&query_place_id=ChIJ0YoWbid1Oy4R7SsBfpsnCbw,Sukarami,5295,0,0,1
Indomaret Kol.H. Burlian KM.10,4.0,1,-2.9200356,104.7071585,Alang-Alang Lebar,https://www.google.com/maps/search/?api=1&query=Indomaret%20Kol.H.%20Burlian%20KM.10&query_place_id=ChIJZ0eTlX90Oy4RF7EMXOOI8GA,Alang-Alang Lebar,4823,1,0,0
Indomaret Talang Jambe,4.6,143,-2.8921789,104.7122884,Sukarami,https://www.google.com/maps/search/?api=1&query=Indomaret%20Talang%20Jambe&query_place_id=ChIJ7-M_oeZzOy4RxR0ukbmn2_4,Sukarami,5295,0,0,1
Indomaret sukodadi 003,5.0,1,-2.9130511,104.6919276,Sukarami,https://www.google.com/maps/search/?api=1&query=Indomaret%20sukodadi%20003&query_place_id=ChIJnwKB1WZzOy4RC9uu4Jiy1xs,Sukarami,5295,1,0,0
Indomaret Ahmad Yani 1174,4.6,134,-2.9902058,104.7914019,Seberang Ulu II,https://www.google.com/maps/search/?api=1&query=Indomaret%20Ahmad%20Yani%201174&query_place_id=ChIJDwpEZ0YERQUR83LNXJf-CPs,Seberang Ulu II,12784,0,0,1
Indomaret | Karya Baru,2.8,14,-2.9363697,104.7189671,Alang-Alang Lebar,https://www.google.com/maps/search/?api=1&query=Indomaret%20%7C%20Karya%20Baru&query_place_id=ChIJBYcS8Wh0Oy4RlbSQMsc-XEA,Alang-Alang Lebar,4823,1,0,0
Indomaret Pangeran Ratu,4.4,100,-3.0342344,104.7793747,Seberang Ulu I,https://www.google.com/maps/search/?api=1&query=Indomaret%20Pangeran%20Ratu&query_place_id=ChIJiSVmAjadOy4RkZvReS4XDRA,Seberang Ulu I,15799,0,0,1
Indomaret Ogan Baru,4.2,65,-3.0244044,104.7546248,Kertapati,https://www.google.com/maps/search/?api=1&query=Indomaret%20Ogan%20Baru&query_place_id=ChIJJ-ZsWpedOy4RVQrmwlKNMlk,Kertapati,2423,1,0,0
Indomaret KAI,3.0,2,-3.0199926,104.7504489,Kertapati,https://www.google.com/maps/search/?api=1&query=Indomaret%20KAI&query_place_id=ChIJ9a68QQCfOy4RNv9mn8HZNMQ,Kertapati,2423,0,0,1
Indomaret Sriwijaya Mas,4.4,330,-3.0493961,104.74284,Kertapati,https://www.google.com/maps/search/?api=1&query=Indomaret%20Sriwijaya%20Mas&query_place_id=ChIJLeEnh5meOy4Rn0pifP-2Lyo,Kertapati,2423,0,0,1
Indomaret Seniman Amri Yahya,3.1,36,-3.0275464,104.7780996,Seberang Ulu I,https://www.google.com/maps/search/?api=1&query=Indomaret%20Seniman%20Amri%20Yahya&query_place_id=ChIJgx6_H3WdOy4RngrHc0zds3g,Seberang Ulu I,15799,0,0,1
Indomaret aiptu wahab,4.3,45,-3.0193399,104.7565947,Seberang Ulu I,https://www.google.com/maps/search/?api=1&query=Indomaret%20aiptu%20wahab&query_place_id=ChIJ_-gfRXadOy4RG288tuDoyf4,Seberang Ulu I,15799,0,0,1
Indomaret Wahid Hasyim 2,1.9,10,-3.013044,104.756327,Seberang Ulu I,https://www.google.com/maps/search/?api=1&query=Indomaret%20Wahid%20Hasyim%202&query_place_id=ChIJ3d8k5-CdOy4RE1KbmLyhCLM,Seberang Ulu I,15799,1,0,0
Indomaret Spbu Singadekane,4.0,10,-3.0441531,104.7314614,Kertapati,https://www.google.com/maps/search/?api=1&query=Indomaret%20Spbu%20Singadekane&query_place_id=ChIJr7y2d42eOy4RR6UG86G5XOc,Kertapati,2423,0,0,1
Indomaret HM Ryacudu,4.5,179,-2.9988178,104.768728,Seberang Ulu I,https://www.google.com/maps/search/?api=1&query=Indomaret%20HM%20Ryacudu&query_place_id=ChIJR0ZIcxYERQURvOr8eZYKy7I,Seberang Ulu I,15799,1,0,0
Indomaret Ahmad Yani 2,4.5,183,-2.9963358,104.7754007,Seberang Ulu I,https://www.google.com/maps/search/?api=1&query=Indomaret%20Ahmad%20Yani%202&query_place_id=ChIJm1xPsSKdOy4RLtaxk-YzKic,Seberang Ulu I,15799,1,0,0
INDOMARET SYAKYAKIRTI,3.7,6,-3.0185389,104.7293491,Gandus,https://www.google.com/maps/search/?api=1&query=INDOMARET%20SYAKYAKIRTI&query_place_id=ChIJj5Rhdp6fOy4Riew542MWI-4,Gandus,1689,1,0,0
Indomaret Silaberanti,4.5,174,-3.000223,104.7784175,Seberang Ulu I,https://www.google.com/maps/search/?api=1&query=Indomaret%20Silaberanti&query_place_id=ChIJtXgHo3edOy4RsRW6kz8dpYI,Seberang Ulu I,15799,0,0,1
Indomaret Naskah,4.4,119,-2.9400006,104.723628,Sukarami,https://www.google.com/maps/search/?api=1&query=Indomaret%20Naskah&query_place_id=ChIJk8KrhOJ1Oy4RTnjDE3s3dVU,Sukarami,5295,0,0,1
Indomaret Batu Jajar,4.7,51,-2.9273378,104.7321232,Sukarami,https://www.google.com/maps/search/?api=1&query=Indomaret%20Batu%20Jajar&query_place_id=ChIJI4-cCPF1Oy4RyF3eRl0L6d4,Sukarami,5295,0,0,1
Indomaret Surya Sakti,3.3,4,-2.9277288,104.7202958,Sukarami,https://www.google.com/maps/search/?api=1&query=Indomaret%20Surya%20Sakti&query_place_id=ChIJ-R8O5Ap1Oy4R3bnVn7wTDXo,Sukarami,5295,0,0,1
Indomaret Sukabangun 2,2.7,3,-2.9416844,104.7313775,Sukarami,https://www.google.com/maps/search/?api=1&query=Indomaret%20Sukabangun%202&query_place_id=ChIJFwgS8yl1Oy4RPTH3IyxChgw,Sukarami,5295,1,1,2
Indomaret | Srijaya - Kota Palembang,4.4,369,-2.9455774,104.7310234,Alang-Alang Lebar,https://www.google.com/maps/search/?api=1&query=Indomaret%20%7C%20Srijaya%20-%20Kota%20Palembang&query_place_id=ChIJ9XsZUDh0Oy4RTjI-dr6lJ9U,Alang-Alang Lebar,4823,1,0,0
Indomaret Sukabangun,3.5,15,-2.9354308,104.7351833,Sukarami,https://www.google.com/maps/search/?api=1&query=Indomaret%20Sukabangun&query_place_id=ChIJefkWUgh1Oy4RX0656TvRZxU,Sukarami,5295,1,0,0
Indomaret Pangadilan tinggi,3.7,3,-2.9270941,104.7143096,Alang-Alang Lebar,https://www.google.com/maps/search/?api=1&query=Indomaret%20Pangadilan%20tinggi&query_place_id=ChIJvyTzutJ1Oy4Riutg7Irj2fk,Alang-Alang Lebar,4823,1,0,0
Indomaret,4.4,18,-2.9336748,104.7159093,Alang-Alang Lebar,https://www.google.com/maps/search/?api=1&query=Indomaret&query_place_id=ChIJg20mDGZ0Oy4RIkuS-A6c7TI,Alang-Alang Lebar,4823,1,0,0
Indomaret,4.3,57,-2.9279732,104.7164455,Sukarami,https://www.google.com/maps/search/?api=1&query=Indomaret&query_place_id=ChIJ23DssXp0Oy4Rj1AgNFNlRV8,Sukarami,5295,1,0,0
Indomaret Kebun Bunga,4.2,40,-2.9192693,104.7164608,Sukarami,https://www.google.com/maps/search/?api=1&query=Indomaret%20Kebun%20Bunga&query_place_id=ChIJJ3Q9BXh0Oy4RSkt_Q1HQvr0,Sukarami,5295,1,0,0
Indomaret Sukajaya,4.3,4,-2.9209065,104.740837,Sukarami,https://www.google.com/maps/search/?api=1&query=Indomaret%20Sukajaya&query_place_id=ChIJRRHsywZ2Oy4RWio8stRFce0,Sukarami,5295,0,0,1
Indomaret Sukawinatan,4.4,173,-2.926484,104.749189,Sukarami,https://www.google.com/maps/search/?api=1&query=Indomaret%20Sukawinatan&query_place_id=ChIJw8SgIRsQRQURwLetBRo_kxs,Sukarami,5295,1,0,0
Indomaret Letkol Adrians,4.5,119,-2.9317583,104.7350049,Sukarami,https://www.google.com/maps/search/?api=1&query=Indomaret%20Letkol%20Adrians&query_place_id=ChIJiUy4Xex1Oy4Rdc9TjWxp_YA,Sukarami,5295,1,0,0
Indomaret Hasanudin,4.5,58,-2.9293155,104.6964105,Alang-Alang Lebar,https://www.google.com/maps/search/?api=1&query=Indomaret%20Hasanudin&query_place_id=ChIJqWBYg490Oy4R-Blezp7nIis,Alang-Alang Lebar,4823,0,0,1
Indomaret Sersan Sani,4.2,17,-2.9467495,104.7487145,Kemuning,https://www.google.com/maps/search/?api=1&query=Indomaret%20Sersan%20Sani&query_place_id=ChIJtRWTWyZ0Oy4RNSXOHjgN0_g,Kemuning,12621,0,0,1
Indomaret Talang Kelapa 2,4.4,166,-2.9355412,104.6921957,Alang-Alang Lebar,https://www.google.com/maps/search/?api=1&query=Indomaret%20Talang%20Kelapa%202&query_place_id=ChIJg_vmW5J0Oy4R7ZQQiUCTzuc,Alang-Alang Lebar,4823,0,0,1
Indomaret Ganda Subrata 86,4.7,32,-2.9304698,104.7454397,Sukarami,https://www.google.com/maps/search/?api=1&query=Indomaret%20Ganda%20Subrata%2086&query_place_id=ChIJuR8Yr0p1Oy4RW09ldRBkOus,Sukarami,5295,0,0,1
Indomaret Maskarebet 2,4.5,237,-2.9284675,104.6994543,Alang-Alang Lebar,https://www.google.com/maps/search/?api=1&query=Indomaret%20Maskarebet%202&query_place_id=ChIJu3Jl_oV0Oy4RbsETrWJ_qBA,Alang-Alang Lebar,4823,1,0,0
Indomaret Sulaiman Amin 18,4.5,130,-2.9417053,104.7094577,Alang-Alang Lebar,https://www.google.com/maps/search/?api=1&query=Indomaret%20Sulaiman%20Amin%2018&query_place_id=ChIJwZgTtTh1Oy4RSmijfINK000,Alang-Alang Lebar,4823,1,0,0
Indomaret,4.5,70,-2.9397726,104.7430205,Sukarami,https://www.google.com/maps/search/?api=1&query=Indomaret&query_place_id=ChIJWVwsZFYFRQURP7xT8h0wq10,Sukarami,5295,1,0,0
Indomaret Perindustrian 2,4.4,205,-2.922602,104.720176,Sukarami,https://www.google.com/maps/search/?api=1&query=Indomaret%20Perindustrian%202&query_place_id=ChIJ007W2HZ0Oy4Rm2Tlx8kxEFE,Sukarami,5295,1,1,2
Indomaret HBR Motik 2,4.3,65,-2.936231,104.7092073,Alang-Alang Lebar,https://www.google.com/maps/search/?api=1&query=Indomaret%20HBR%20Motik%202&query_place_id=ChIJF_25eHR1Oy4RIa3hvxnQfDg,Alang-Alang Lebar,4823,0,0,1
Indomaret Simpang Soak,4.6,9,-2.9300088,104.7386604,Sukarami,https://www.google.com/maps/search/?api=1&query=Indomaret%20Simpang%20Soak&query_place_id=ChIJKXmprqN1Oy4RqQkRFhJaD9c,Sukarami,5295,1,0,0
Indomaret Mayor Zurbi Bustam,3.7,7,-2.9407503,104.7461465,Sukarami,https://www.google.com/maps/search/?api=1&query=Indomaret%20Mayor%20Zurbi%20Bustam&query_place_id=ChIJSbMg2CN0Oy4RmqmN9HGzdw4,Sukarami,5295,0,0,1
Indomaret Swadaya,3.6,13,-2.9459359,104.7457529,Kemuning,https://www.google.com/maps/search/?api=1&query=Indomaret%20Swadaya&query_place_id=ChIJq4nq41oFRQURLa-G53V1zHM,Kemuning,12621,0,0,1
Indomaret Soak Simpur Sukabangun,4.6,15,-2.9238335,104.7403206,Sukarami,https://www.google.com/maps/search/?api=1&query=Indomaret%20Soak%20Simpur%20Sukabangun&query_place_id=ChIJ8_BkdBR1Oy4R-IgUHpLqN0Q,Sukarami,5295,0,0,1
Indomaret Abusamah 160,4.0,27,-2.9383484,104.739619,Sukarami,https://www.google.com/maps/search/?api=1&query=Indomart%20Abusamah%20160&query_place_id=ChIJeZ4UXD10Oy4R0_PyujNHjsA,Sukarami,5295,0,0,1
INDOMARET SUKAWINATAN 14,4.5,82,-2.922787,104.747287,Sukarami,https://www.google.com/maps/search/?api=1&query=INDOMARET%20SUKAWINATAN%2014&query_place_id=ChIJXZynf851Oy4R-rAaw5Kv4vI,Sukarami,5295,0,0,1
Indomaret Sukabangun 2,4.3,83,-2.9271073,104.7394262,Sukarami,https://www.google.com/maps/search/?api=1&query=Indomaret%20Sukabangun%202&query_place_id=ChIJ4z5m0Eh1Oy4RS3h8PwhnwlI,Sukarami,5295,1,0,0
Km 7 indomaret,4.0,1,-2.94021,104.723538,Sukarami,https://www.google.com/maps/search/?api=1&query=Km%207%20indomaret&query_place_id=ChIJdaD4cgB1Oy4RdcAiyeXS8s4,Sukarami,5295,0,0,1
Indomaret,2.0,3,-2.9321917,104.7238987,Sukarami,https://www.google.com/maps/search/?api=1&query=Indomaret&query_place_id=ChIJwc_pFmx0Oy4RQ2wS0AamsGc,Sukarami,5295,0,0,1
Indomaret,4.4,78,-2.9472458,104.7024432,Alang-Alang Lebar,https://www.google.com/maps/search/?api=1&query=Indomart&query_place_id=ChIJLw-Hnfd0Oy4RaF18P7lo1As,Alang-Alang Lebar,4823,0,0,1
Indomaret Banten,4.5,214,-2.996129,104.7796319,Seberang Ulu II,https://www.google.com/maps/search/?api=1&query=Indomaret%20Banten&query_place_id=ChIJXaQHbYqdOy4Rm8f57WWlENY,Seberang Ulu II,12784,1,1,2
Indomaret Sultan Mansyur 981 - T4TM,4.0,16,-3.0027499,104.731872,Ilir Barat I,https://www.google.com/maps/search/?api=1&query=Indomaret%20Sultan%20Mansyur%20981%20-%20T4TM&query_place_id=ChIJ7QspAxmeOy4RT8FveR-Z84M,Ilir Barat I,3853,0,0,1
Indomaret Padang Selasa,4.4,377,-2.990758,104.733392,Ilir Barat I,https://www.google.com/maps/search/?api=1&query=Indomaret%20Padang%20Selasa&query_place_id=ChIJaZW28_N1Oy4RoO2qeQsTzuQ,Ilir Barat I,3853,0,0,1
Indomaret,3.3,6,-2.9916005,104.7273703,Ilir Barat I,https://www.google.com/maps/search/?api=1&query=Indomaret&query_place_id=ChIJYZlqwLl1Oy4R-HR9ydL4IOY,Ilir Barat I,3853,1,0,0
Indomaret,3.9,7,-3.0025058,104.7369126,Ilir Barat I,https://www.google.com/maps/search/?api=1&query=Indomaret&query_place_id=ChIJL63wcQWfOy4RiQlarnJXm2M,Ilir Barat I,3853,1,1,2
ATM Bank BCA 107W-Indomaret H. Sanusi,5.0,1,-2.9487664,104.7424325,Sukarami,https://www.google.com/maps/search/?api=1&query=ATM%20Bank%20BCA%20107W-Indomaret%20H.%20Sanusi&query_place_id=ChIJD_elvS90Oy4RZYMT42N0LnU,Sukarami,5295,1,0,0
Indomaret Alamsyah Ratu Perwira,4.5,6,-3.0057538,104.7224236,Gandus,https://www.google.com/maps/search/?api=1&query=Indomaret%20Alamsyah%20Ratu%20Perwira&query_place_id=ChIJ5f___2qeOy4RbCoYk47dkRA,Gandus,1689,1,0,0
Indomaret Poshop Merdeka,4.4,10,-2.9894218,104.7598767,Bukit Kecil,https://www.google.com/maps/search/?api=1&query=Indomaret%20Poshop%20Merdeka&query_place_id=ChIJY1VVBQ6eOy4R1vrQL7lPCB4,Bukit Kecil,16048,0,0,1
Indomaret Cik Agus Kiemas,4.3,7,-2.9872461,104.7596564,Bukit Kecil,https://www.google.com/maps/search/?api=1&query=Indomaret%20Cik%20Agus%20Kiemas&query_place_id=ChIJDax6ajp3Oy4RyYIXSCR8MXY,Bukit Kecil,16048,1,0,0
Indomaret Bungaran,5.0,1,-3.0006148,104.7679693,Seberang Ulu I,https://www.google.com/maps/search/?api=1&query=Indomaret%20Bungaran&query_place_id=ChIJGfNaZnOdOy4Rc0ScGsUWWK8,Seberang Ulu I,15799,1,0,0
indomaret Ratna,4.5,175,-2.9940644,104.7526984,Ilir Barat II,https://www.google.com/maps/search/?api=1&query=indomaret%20Ratna&query_place_id=ChIJz51FcAB2Oy4RIseVccHWAbU,Ilir Barat II,16715,0,0,1
Indomaret Ahmad Dahlan,3.0,12,-2.9876733,104.7479016,Bukit Kecil,https://www.google.com/maps/search/?api=1&query=Indomaret%20Ahmad%20Dahlan&query_place_id=ChIJ9aZD7Px1Oy4R4LGYmm0EB7Q,Bukit Kecil,16048,0,0,1
Indomaret Diponegoro,4.5,160,-2.994138,104.7490551,Ilir Barat II,https://www.google.com/maps/search/?api=1&query=Indomaret%20Diponegoro&query_place_id=ChIJe14-Sop1Oy4Rw8hGUcDgIUE,Ilir Barat II,16715,0,0,1
Indomaret Cahaya Bulan,4.6,29,-3.0028627,104.7485447,Ilir Barat II,https://www.google.com/maps/search/?api=1&query=Indomaret%20Cahaya%20Bulan&query_place_id=ChIJ5WqKoWufOy4RGNOY7HmSIlo,Ilir Barat II,16715,0,0,1
Indomaret Makrayu,3.3,20,-2.9944849,104.7455527,Ilir Barat II,https://www.google.com/maps/search/?api=1&query=Indomaret%20Makrayu&query_place_id=ChIJO4GWcAB2Oy4RdErjFY70UJ8,Ilir Barat II,16715,0,0,1
Indomaret parameswara 33,4.0,4,-2.987324,104.7205291,Ilir Barat I,https://www.google.com/maps/search/?api=1&query=Indomart%20parameswara%2033&query_place_id=ChIJSwa-wZB1Oy4RKxmb_9MzV98,Ilir Barat I,3853,1,0,0
ATM BCA 107U-Indomaret Kebun Bunga,4.1,9,-2.9192211,104.7164261,Sukarami,https://www.google.com/maps/search/?api=1&query=ATM%20BCA%20107U-Indomaret%20Kebun%20Bunga&query_place_id=ChIJhejiBHh0Oy4RftSiaRU61S0,Sukarami,5295,1,0,0
ATM Bank BCA 112A-Indomaret Mas Karebet,4.0,1,-2.924738,104.701391,Alang-Alang Lebar,https://www.google.com/maps/search/?api=1&query=ATM%20Bank%20BCA%20112A-Indomaret%20Mas%20Karebet&query_place_id=ChIJd5FQwYZ0Oy4R37w98-aGF28,Alang-Alang Lebar,4823,0,0,1
ATM Bank BCA 6898-Indomaret Sukabangun,3.0,1,-2.935427,104.735255,Sukarami,https://www.google.com/maps/search/?api=1&query=ATM%20Bank%20BCA%206898-Indomaret%20Sukabangun&query_place_id=ChIJGVXxhxZ0Oy4RW1UCbOqam0U,Sukarami,5295,1,0,0
Indomaret Ahmad Yani 134,2.3,14,-2.9933966,104.7822119,Seberang Ulu II,https://www.google.com/maps/search/?api=1&query=Indomaret%20Ahmad%20Yani%20134&query_place_id=ChIJzSDiDgx3Oy4RFAl0BI_z4AA,Seberang Ulu II,12784,0,0,1
Indomaret Ahmad Yani 3,4.5,45,-2.9934603,104.780824,Seberang Ulu II,https://www.google.com/maps/search/?api=1&query=Indomaret%20Ahmad%20Yani%203&query_place_id=ChIJKfYbziB2Oy4R4hxkDTEotlo,Seberang Ulu II,12784,0,0,1
INDOMARET HUSIN BASRI,5.0,1,-2.9277125,104.8250156,Sematang Borang,https://www.google.com/maps/search/?api=1&query=INDOMARET%20HUSIN%20BASRI&query_place_id=ChIJU6Km-Nl3Oy4Rs5rbs-FFcyk,Sematang Borang,2884,0,0,1
Indomaret Sematang Borang tk vita,1.0,1,-2.9197456,104.8014491,Sako,https://www.google.com/maps/search/?api=1&query=Indomaret%20Sematang%20Borang%20tk%20vita&query_place_id=ChIJ-fvBeAB3Oy4R8okUfhLwbKA,Sako,6839,0,0,1
Indomaret,1.0,1,-2.9355428,104.8203612,Sematang Borang,https://www.google.com/maps/search/?api=1&query=Indomaret&query_place_id=ChIJ14ejwD93Oy4RkraPbThYIGc,Sematang Borang,2884,0,0,1
Indomaret Srimulya,5.0,3,-2.9393849,104.7987174,Sematang Borang,https://www.google.com/maps/search/?api=1&query=Indomaret%20Srimulya&query_place_id=ChIJ83JtVSF3Oy4RzaJYZ_6QVKk,Sematang Borang,2884,1,0,0
Indomaret Padat Karya 34,4.6,173,-2.9402783,104.8022484,Sematang Borang,https://www.google.com/maps/search/?api=1&query=Indomaret%20Padat%20Karya%2034&query_place_id=ChIJBeYk0Pp3Oy4R_F6WhqafhnY,Sematang Borang,2884,0,0,1
Indomaret,2.0,4,-2.9179392,104.8214359,Sematang Borang,https://www.google.com/maps/search/?api=1&query=Indomaret&query_place_id=ChIJPyGRjVl3Oy4Ru0Wv55t3U3g,Sematang Borang,2884,0,0,1
Indomaret Borang Dalam,4.5,129,-2.9194938,104.8018707,Sako,https://www.google.com/maps/search/?api=1&query=Indomaret%20Borang%20Dalam&query_place_id=ChIJXfUlVHd3Oy4RVxOaqOCPSnY,Sako,6839,0,0,1
Indomaret,4.2,40,-2.9449139,104.8465383,Sematang Borang,https://www.google.com/maps/search/?api=1&query=Indomaret&query_place_id=ChIJP3hQFqd5Oy4RkU7aoKGBXmk,Sematang Borang,2884,0,0,1
Indomaret batang hari raya,2.8,4,-2.932432,104.7911576,Sako,https://www.google.com/maps/search/?api=1&query=Indomaret%20batang%20hari%20raya&query_place_id=ChIJlRPV1s53Oy4RIXGuj4sQ_uM,Sako,6839,1,1,2
Indomaret Simpang BLK,3.8,29,-2.9298387,104.7703068,Sako,https://www.google.com/maps/search/?api=1&query=Indomaret%20Simpang%20BLK&query_place_id=ChIJwQO5nLl2Oy4R6st2nuAO_wI,Sako,6839,0,0,1
Indomaret,4.0,5,-2.9495491,104.7815041,Kalidoni,https://www.google.com/maps/search/?api=1&query=Indomaret&query_place_id=ChIJgyQB_Qt3Oy4RbdXOS0modTg,Kalidoni,4034,0,0,1
Indomaret,4.2,15,-2.9399735,104.7831616,Kalidoni,https://www.google.com/maps/search/?api=1&query=Indomaret&query_place_id=ChIJXVtZFO93Oy4RrPzsAsVJHUg,Kalidoni,4034,0,0,1
Indomaret SPBU Mangkunegara,3.9,14,-2.9399382,104.767694,Kalidoni,https://www.google.com/maps/search/?api=1&query=Indomaret%20SPBU%20Mangkunegara&query_place_id=ChIJL_t8V5Z2Oy4RXN-ls4jcIeY,Kalidoni,4034,1,0,0
Indomaret Jaya Indah,4.4,187,-2.9946186,104.7787328,Seberang Ulu II,https://www.google.com/maps/search/?api=1&query=Indomaret%20Jaya%20Indah&query_place_id=ChIJAULHiCB2Oy4RHOHscBuDkas,Seberang Ulu II,12784,1,1,2
Indomaret | 27 Ilir,3.8,8,-2.9938196,104.7541131,Ilir Barat II,https://www.google.com/maps/search/?api=1&query=Indomaret%20%7C%2027%20Ilir&query_place_id=ChIJ4W4bWwB2Oy4RmxAPoNCfONM,Ilir Barat II,16715,0,0,1
Indomaret Wahid Hasyim 4,4.5,70,-3.0037689,104.7644579,Seberang Ulu I,https://www.google.com/maps/search/?api=1&query=Indomaret%20Wahid%20Hasyim%204&query_place_id=ChIJu8v7cfCdOy4RKrcqbTZGWP4,Seberang Ulu I,15799,1,1,2
Indomaret nagaswidak,1.0,1,-2.9935087,104.7809691,Seberang Ulu II,https://www.google.com/maps/search/?api=1&query=Indomaret%20nagaswidak&query_place_id=ChIJvdNHodt3Oy4Re-gd7F6ViVE,Seberang Ulu II,12784,0,0,1
Indomaret | 7 Ulu,3.7,12,-3.002033,104.770116,Seberang Ulu I,https://www.google.com/maps/search/?api=1&query=Indomaret%20%7C%207%20Ulu&query_place_id=ChIJDXpR2_OdOy4RXL8W5Ro-1tI,Seberang Ulu I,15799,0,0,1
Indomaret 2 Ulu,4.0,4,-3.0054257,104.7551557,Seberang Ulu I,https://www.google.com/maps/search/?api=1&query=Indomaret%202%20Ulu&query_place_id=ChIJxZdIKGmdOy4R7ezppfVrzfE,Seberang Ulu I,15799,0,0,1
Indomaret Panca Usaha,4.4,192,-3.0088939,104.767189,Seberang Ulu I,https://www.google.com/maps/search/?api=1&query=Indomaret%20Panca%20Usaha&query_place_id=ChIJH_B85-6dOy4Re2gOTr8U5tU,Seberang Ulu I,15799,0,0,1
Indomaret Jl.Faqih Usman,4.3,46,-3.0054307,104.7552958,Seberang Ulu I,https://www.google.com/maps/search/?api=1&query=Indomaret%20Jl.Faqih%20Usman&query_place_id=ChIJlUUNJOudOy4R191VncLd2EM,Seberang Ulu I,15799,0,0,1
Indomaret Bbc,4.6,8,-2.9897539,104.7710561,Seberang Ulu II,https://www.google.com/maps/search/?api=1&query=Indomaret%20Bbc&query_place_id=ChIJ2U9JPxl2Oy4Rgmczjkwose8,Seberang Ulu II,12784,1,0,0
Indomaret Betawi Raya,4.7,178,-2.9354763,104.7925038,Sako,https://www.google.com/maps/search/?api=1&query=Indomaret%20Betawi%20Raya&query_place_id=ChIJK_Us2t12Oy4RpoYMyHKqsb8,Sako,6839,0,0,1
Indomaret KHM ASYIK,4.2,57,-3.0051891,104.7592415,Seberang Ulu I,https://www.google.com/maps/search/?api=1&query=Indomaret%20KHM%20ASYIK&query_place_id=ChIJ_ZB35-CdOy4RZhw6UscRf8k,Seberang Ulu I,15799,1,0,0
Indomaret Wahid Hasyim 3,4.9,9,-3.0095057,104.7600911,Seberang Ulu I,https://www.google.com/maps/search/?api=1&query=Indomaret%20Wahid%20Hasyim%203&query_place_id=ChIJ5RuROuSdOy4R4ZulKSMCXNc,Seberang Ulu I,15799,1,1,2
Indomaret Azhari 2,4.6,173,-2.9878432,104.7810301,Seberang Ulu II,https://www.google.com/maps/search/?api=1&query=Indomaret%20Azhari%202&query_place_id=ChIJ8b4BfCN2Oy4RMjSDCLhF5gE,Seberang Ulu II,12784,0,0,1
Indomaret WAHID HASYIM 5 ULU,4.3,6,-3.0060235,104.7625438,Seberang Ulu I,https://www.google.com/maps/search/?api=1&query=Indomaret%20WAHID%20HASYIM%205%20ULU&query_place_id=ChIJB0HzCladOy4RGCVU40fHgkg,Seberang Ulu I,15799,0,0,1
Indomaret,3.0,2,-3.0094904,104.7594385,Seberang Ulu I,https://www.google.com/maps/search/?api=1&query=Indomaret&query_place_id=ChIJU3j2nkSdOy4RI72efZRx-ZE,Seberang Ulu I,15799,1,1,2
Indomaret Azhari 3,3.2,14,-2.9925848,104.767947,Seberang Ulu I,https://www.google.com/maps/search/?api=1&query=Indomaret%20Azhari%203&query_place_id=ChIJGwe1SRx2Oy4RHrjvULP4gyo,Seberang Ulu I,15799,0,0,1
Indomaret Merdeka 2,2.5,2,-2.990711,104.756322,Bukit Kecil,https://www.google.com/maps/search/?api=1&query=Indomaret%20Merdeka%202&query_place_id=ChIJRyY0QAB3Oy4Rgu37w_ZjTUw,Bukit Kecil,16408,0,0,1
Indomaret Perum Talang Kelapa,4.0,1,-2.9415422,104.6883506,Alang-Alang Lebar,https://www.google.com/maps/search/?api=1&query=Indomaret%20Perum%20Talang%20Kelapa&query_place_id=ChIJNwymcOx0Oy4RQWhjA53svdA,Alang-Alang Lebar,4823,1,0,0
INDOMARET TALANG KELAPA 001,4.4,59,-2.9384764,104.6875338,Alang-Alang Lebar,https://www.google.com/maps/search/?api=1&query=INDOMARET%20TALANG%20KELAPA%20001&query_place_id=ChIJbzo6Uet0Oy4R3CfL3k0Ou8A,Alang-Alang Lebar,4823,1,0,0
Indomaret,5.0,2,-2.9539683,104.6873924,Alang-Alang Lebar,https://www.google.com/maps/search/?api=1&query=Indomaret&query_place_id=ChIJ7Q9-XOF0Oy4R0MO-Wl6_HYM,Alang-Alang Lebar,4823,1,0,0
Indomaret Taranggano,4.5,103,-2.94936,104.6893678,Alang-Alang Lebar,https://www.google.com/maps/search/?api=1&query=Indomaret%20Taranggano&query_place_id=ChIJXY2iSiN1Oy4ROyOSTehix7U,Alang-Alang Lebar,4823,0,0,1
Indomaret Citra Grand City Palembang,4.4,264,-2.92917,104.6813447,Alang-Alang Lebar,https://www.google.com/maps/search/?api=1&query=Indomaret%20Citra%20Grand%20City%20Palembang&query_place_id=ChIJTdH6Tb10Oy4R0jvVQbo-308,Alang-Alang Lebar,4823,1,0,0
ATM Mandiri Indomaret,5.0,1,-2.9687129,104.7640459,Ilir Timur II,https://www.google.com/maps/search/?api=1&query=ATM%20Mandiri%20Indomaret&query_place_id=ChIJ3XwW1G92Oy4RHifJ40bcT54,Ilir Timur II,10071,0,0,1
Indomaret Pagar Alam 4,4.2,5,-2.9095341,104.717311,Sukarami,https://www.google.com/maps/search/?api=1&query=Indomaret%20Pagar%20Alam%204&query_place_id=ChIJeca7-Y9zOy4RvPgKZVNVs1s,Sukarami,5295,0,0,1
Indomaret AMD Sukarami,4.6,95,-2.8960477,104.7198417,Sukarami,https://www.google.com/maps/search/?api=1&query=Indomaret%20AMD%20Sukarami&query_place_id=ChIJ6Ummj3NzOy4Rc5Y-M2e9aIs,Sukarami,5295,1,0,0
Indomaret - SimpangBandara,4.5,19,-2.9035979,104.7251879,Sukarami,https://www.google.com/maps/search/?api=1&query=Indomaret%20-%20SimpangBandara&query_place_id=ChIJlxGvFBBzOy4Rmhh-AyY7eZY,Sukarami,5295,0,0,1
Indomaret Tanjung Api-Api 058,4.5,152,-2.8966025,104.7259649,Sukarami,https://www.google.com/maps/search/?api=1&query=Indomaret%20Tanjung%20Api-Api%20058&query_place_id=ChIJ75VOuYBzOy4RD7z6xwZ4Nek,Sukarami,5295,0,0,1
INDOMARET Lubuk Kawah,4.5,67,-2.9125061,104.7219748,Sukarami,https://www.google.com/maps/search/?api=1&query=INDOMARET%20Lubuk%20Kawah&query_place_id=ChIJj5l_hMZzOy4RP4va2D9Zm_k,Sukarami,5295,0,0,1
Indomaret Kebun Bunga 27,4.4,46,-2.9160423,104.717642,Sukarami,https://www.google.com/maps/search/?api=1&query=Indomaret%20Kebun%20Bunga%2027&query_place_id=ChIJvY10hohzOy4RzSZ-XBrn3vw,Sukarami,5295,1,0,0
Indomaret spbu noerdin pandji,4.3,7,-2.9041704,104.7299308,Sukarami,https://www.google.com/maps/search/?api=1&query=Indomaret%20spbu%20noerdin%20pandji&query_place_id=ChIJufRerSxzOy4Rayhri_3wkAU,Sukarami,5295,0,0,1
Indomaret Talang Jambe,4.0,4,-2.8789689,104.7175831,Sukarami,https://www.google.com/maps/search/?api=1&query=Indomaret%20Talang%20Jambe&query_place_id=ChIJny-zXU1yOy4RwbnVbRmFXYI,Sukarami,5295,0,0,1
Indomaret Simpang Kebun Bunga Ujung,5.0,1,-2.908892,104.7220636,Sukarami,https://www.google.com/maps/search/?api=1&query=Indomaret%20Simpang%20Kebun%20Bunga%20Ujung&query_place_id=ChIJy1W3O5pzOy4RCNR6Kxgt6Fs,Sukarami,5295,1,0,0
Indomaret Pesantren SMB II,2.8,4,-2.8941432,104.7173004,Sukarami,https://www.google.com/maps/search/?api=1&query=Indomaret%20Pesantren%20SMB%20II&query_place_id=ChIJ_Z-mU7tzOy4RdHqFfnZLRdg,Sukarami,5295,1,0,0
Indomaret Green Resort,4.7,93,-2.9249663,104.6827926,Alang-Alang Lebar,https://www.google.com/maps/search/?api=1&query=Indomaret%20Green%20Resort&query_place_id=ChIJQ954Hvx1Oy4RUZI8S8uv6uw,Alang-Alang Lebar,4823,0,0,1
Indomaret Abiasan,3.0,27,-2.9422124,104.7617993,Ilir Timur II,https://www.google.com/maps/search/?api=1&query=Indomaret%20Abiasan&query_place_id=ChIJo54sNFcFRQURv8M-H10CAn8,Ilir Timur II,10071,0,0,1
Indomaret Kopral Anwar,5.0,4,-2.9251911,104.7772504,Sako,https://www.google.com/maps/search/?api=1&query=Indomaret%20Kopral%20Anwar&query_place_id=ChIJPak5fwB3Oy4Rupzl2iPcm-4,Sako,6839,0,0,1
Indomaret Mangkunegara 2,4.6,5,-2.936478,104.7677542,Ilir Timur II,https://www.google.com/maps/search/?api=1&query=Indomaret%20Mangkunegara%202&query_place_id=ChIJp-bRATh3Oy4R5sFc8bcyuMg,Ilir Timur II,10071,0,0,1
Indomaret Tanjung Sari 1,4.5,70,-2.93741,104.7758462,Kalidoni,https://www.google.com/maps/search/?api=1&query=Indomaret%20Tanjung%20Sari%201&query_place_id=ChIJQcviyad3Oy4R9ef7rfOkgKM,Kalidoni,4034,0,0,1
Indomaret mangkunegara kebun sirih,4.4,14,-2.9480459,104.767985,Ilir Timur II,https://www.google.com/maps/search/?api=1&query=Indomaret%20mangkunegara%20kebun%20sirih&query_place_id=ChIJ7aXVr0QFRQURhg80kvY9kbk,Ilir Timur II,10071,0,0,1
Indomaret | Sialang - Kota Palembang | Siaran,4.0,21,-2.9313252,104.7908684,Sako,https://www.google.com/maps/search/?api=1&query=Indomaret%20%7C%20Sialang%20-%20Kota%20Palembang%20%7C%20Siaran&query_place_id=ChIJP9SfNQIQRQURchc8vBZezII,Sako,6839,1,1,2
Indomaret Celentang,4.4,100,-2.9496121,104.7853338,Kalidoni,https://www.google.com/maps/search/?api=1&query=Indomaret%20Celentang&query_place_id=ChIJbViV8_B2Oy4RkL7kyQNRIww,Kalidoni,4034,1,0,0
Indomaret R.H Amaluddin,4.3,122,-2.9290784,104.7752461,Sako,https://www.google.com/maps/search/?api=1&query=Indomaret%20R.H%20Amaluddin&query_place_id=ChIJ92ogZAMQRQURkqIPK6tcdAg,Sako,6839,0,0,1
Indomaret Najamudin - TE1E,4.2,103,-2.9194228,104.7708808,Sako,https://www.google.com/maps/search/?api=1&query=Indomaret%20Najamudin%20-%20TE1E&query_place_id=ChIJleXslLR2Oy4R-_psOGsDyJs,Sako,6839,1,1,2
INDOMARET MUSI RAYA TIMUR,4.5,72,-2.9329215,104.7855961,Sako,https://www.google.com/maps/search/?api=1&query=INDOMARET%20MUSI%20RAYA%20TIMUR&query_place_id=ChIJz5fydhp3Oy4RQOpCr6eeCy4,Sako,6839,0,0,1
Indomaret Musi Raya Utara,4.5,182,-2.929204,104.781114,Sako,https://www.google.com/maps/search/?api=1&query=Indomaret%20Musi%20Raya%20Utara&query_place_id=ChIJmRxRdsZ2Oy4R23MWik8Gq4Y,Sako,6839,1,1,2
Indomaret Arjuna Raya,4.7,100,-2.9297694,104.7913833,Sako,https://www.google.com/maps/search/?api=1&query=Indomaret%20Arjuna%20Raya&query_place_id=ChIJ4yv6r5N3Oy4R-HiA_H3QK_0,Sako,6839,1,0,0
Indomaret Jl. Siaran,4.3,79,-2.9248436,104.7847182,Sako,https://www.google.com/maps/search/?api=1&query=Indomaret%20Jl.%20Siaran&query_place_id=ChIJzbMfYRoQRQURsmARUmhydLE,Sako,6839,0,0,1
Indomaret Angkatan 66,3.8,44,-2.9453253,104.7516041,Kemuning,https://www.google.com/maps/search/?api=1&query=Indomaret%20Angkatan%2066&query_place_id=ChIJkWE2koJ2Oy4RY59DFkqAyIg,Kemuning,12621,0,0,1
Indomaret Supersemar,4.4,34,-2.9399634,104.7505597,Kemuning,https://www.google.com/maps/search/?api=1&query=Indomaret%20Supersemar&query_place_id=ChIJfxRH9mp1Oy4RXfXECqwlkdU,Kemuning,12621,0,0,1
Indomaret Ganda Subrata,4.3,126,-2.931928,104.762978,Sako,https://www.google.com/maps/search/?api=1&query=Indomaret%20Ganda%20Subrata&query_place_id=ChIJS3kvJQIQRQURsBUrcvn2uQE,Sako,6839,1,0,0
Indomaret Perumnas Raya,4.6,8,-2.9277527,104.7769662,Sako,https://www.google.com/maps/search/?api=1&query=Indomaret%20Perumnas%20Raya&query_place_id=ChIJ_QIKKhR3Oy4R2QlBB-akbmg,Sako,6839,0,0,1
Indomaret Sako Baru,4.5,217,-2.9188968,104.7766154,Sako,https://www.google.com/maps/search/?api=1&query=Indomaret%20Sako%20Baru&query_place_id=ChIJPWz6dsZ2Oy4R9ZCxy8BM5lg,Sako,6839,1,0,0
Indomaret Borang,4.5,421,-2.9223848,104.7897324,Sako,https://www.google.com/maps/search/?api=1&query=Indomaret%20Borang&query_place_id=ChIJedXBK9J2Oy4RcL0eUiJ_T3o,Sako,6839,0,0,1
Indomaret Sako Dalam,4.4,285,-2.9193619,104.7819234,Sako,https://www.google.com/maps/search/?api=1&query=Indomaret%20Sako%20Dalam&query_place_id=ChIJHR7emMx2Oy4RQ79QmGkhBVQ,Sako,6839,0,0,1
Indomaret Musi Raya Barat,4.0,5,-2.932345,104.7892232,Sako,https://www.google.com/maps/search/?api=1&query=Indomaret%20Musi%20Raya%20Barat&query_place_id=ChIJfxOLn8x3Oy4RuzhZTSmMJvo,Sako,6839,0,0,1
Indomaret | Bukit Sangkal - Abdul Rozak - Palembang,3.9,7,-2.9489569,104.7733354,Ilir Timur II,https://www.google.com/maps/search/?api=1&query=Indomaret%20%7C%20Bukit%20Sangkal%20-%20Abdul%20Rozak%20-%20Palembang&query_place_id=ChIJnzP-Go12Oy4R7AUAvG-ME6E,Ilir Timur II,10071,0,0,1
PT. INDOMARCO PRISMATAMA,4.3,464,-2.9200968,104.7683645,Sako,https://www.google.com/maps/search/?api=1&query=PT.%20INDOMARCO%20PRISMATAMA&query_place_id=ChIJAXExCLN2Oy4RMttTs8XEGVE,Sako,6839,0,0,1
Indomaret Sapta Marga,4.9,8,-2.9413619,104.7728509,Kalidoni,https://www.google.com/maps/search/?api=1&query=Indomaret%20Sapta%20Marga&query_place_id=ChIJU5lJiZR2Oy4RFSG-A3JBs7k,Kalidoni,4034,0,0,1
Indomaret Mangkunegara 432,4.2,6,-2.9449875,104.7674531,Kalidoni,https://www.google.com/maps/search/?api=1&query=Indomaret%20Mangkunegara%20432&query_place_id=ChIJ2z5IMdt3Oy4RvhKZfi6weyQ,Kalidoni,4034,0,0,1
Indomaret Sematang Borang,4.5,219,-2.9231107,104.7829118,Sako,https://www.google.com/maps/search/?api=1&query=Indomaret%20Sematang%20Borang&query_place_id=ChIJQ0Isv2J3Oy4RGXlx52X-jS8,Sako,6839,1,0,0
Indomaret Letkol Iskandar 2,3.9,22,-2.9435567,104.7600518,Ilir Timur III,https://www.google.com/maps/search/?api=1&query=Indomaret%20Letkol%20Iskandar%202&query_place_id=ChIJr6t4oFAFRQURABYxsLCwPXQ,Ilir Timur III,12064,0,0,1
Indomaret,4.5,19,-2.9352989,104.7657879,Ilir Timur II,https://www.google.com/maps/search/?api=1&query=Indomaret&query_place_id=ChIJcxOlN4N3Oy4RajXfKUkaXtg,Ilir Timur II,10071,1,0,0
Indomaret Pipa Jaya,4.4,100,-2.9418834,104.7558688,Kemuning,https://www.google.com/maps/search/?api=1&query=Indomaret%20Pipa%20Jaya&query_place_id=ChIJk9jvUPJ3Oy4RUhghOBlQ97o,Kemuning,12621,0,0,1
INDOMARET PIPAREJA 12,4.5,69,-2.9457679,104.7535456,Kemuning,https://www.google.com/maps/search/?api=1&query=INDOMARET%20PIPAREJA%2012&query_place_id=ChIJ4wzGusJ3Oy4RaW8WmoU5eYM,Kemuning,12621,0,0,1
Indomaret Noerdin Pandji 381,4.2,13,-2.9184836,104.7663609,Sako,https://www.google.com/maps/search/?api=1&query=Indomaret%20Noerdin%20Pandji%20381&query_place_id=ChIJ1Q4L_Kd3Oy4Rypcq54_xc6A,Sako,6839,0,0,1
Indomaret Hasan Kasyim,2.8,6,-2.942533,104.783829,Kalidoni,https://www.google.com/maps/search/?api=1&query=Indomaret%20Hasan%20Kasyim&query_place_id=ChIJF9IN1u52Oy4Rmow307Ncc-A,Kalidoni,4034,1,0,0
Indomaret Residen Abdul Rozak 431,4.0,6,-2.9493461,104.7777365,Ilir Timur II,https://www.google.com/maps/search/?api=1&query=Indomaret%20Residen%20Abdul%20Rozak%20431&query_place_id=ChIJfRzq92N3Oy4RysbPkquAvCg,Ilir Timur II,10071,1,0,0
Indomaret,4.2,5,-2.9407184,104.7670888,Ilir Timur II,https://www.google.com/maps/search/?api=1&query=Indomaret&query_place_id=ChIJy51GZgB3Oy4RWlwFgUKOmrk,Ilir Timur II,10071,1,0,0
Indomaret Noerdin Pandji,4.5,968,-2.9168681,104.748641,Sukarami,https://www.google.com/maps/search/?api=1&query=Indomaret%20Noerdin%20Pandji&query_place_id=ChIJ68mDDv9zOy4R2ItBSqWAvUo,Sukarami,5295,0,0,1
INDOMARET BAYSALIM 211,3.1,15,-2.9687349,104.7574873,Ilir Timur I,https://www.google.com/maps/search/?api=1&query=INDOMARET%20BAYSALIM%20211&query_place_id=ChIJDTf98rB3Oy4R207EnGdlcIw,Ilir Timur I,12765,1,0,0
Indomaret Kapten Abdullah 3,3.7,33,-3.0070683,104.81888,Plaju,https://www.google.com/maps/search/?api=1&query=Indomaret%20Kapten%20Abdullah%203&query_place_id=ChIJ4TGM_GidOy4RdbDnnF1Sa-E,Plaju,6026,0,0,1
Indomaret Tegal Binangun Darat,5.0,2,-3.0079846,104.8178013,Plaju,https://www.google.com/maps/search/?api=1&query=Indomaret%20Tegal%20Binangun%20Darat&query_place_id=ChIJmw2TGrmdOy4RRUVhkycAMpQ,Plaju,6026,0,0,1
Indomaret Kapten Abdullah,4.6,15,-3.0035427,104.8176089,Plaju,https://www.google.com/maps/search/?api=1&query=Indomaret%20Kapten%20Abdullah&query_place_id=ChIJR3sWFWadOy4R7Cglk7-lDNc,Plaju,6026,1,1,2
Indomaret Sentosa,4.1,43,-2.9964197,104.804413,Plaju,https://www.google.com/maps/search/?api=1&query=Indomaret%20Sentosa&query_place_id=ChIJH62hiXqdOy4RqvEP1CLMWoE,Plaju,6026,0,0,1
Indomaret Ki Anwar Mangku,4.4,92,-3.0015103,104.8043133,Seberang Ulu II,https://www.google.com/maps/search/?api=1&query=Indomaret%20Ki%20Anwar%20Mangku&query_place_id=ChIJJQFxY3mdOy4RUT2nwpUBwG8,Seberang Ulu II,12784,1,0,0
Indomaret DI Panjaitan 18,5.0,1,-2.9960325,104.818724,Plaju,https://www.google.com/maps/search/?api=1&query=Indomaret%20DI%20Panjaitan%2018&query_place_id=ChIJ5X0SbgCdOy4RKFdXAy9j5PE,Plaju,6026,0,0,1
Indomaret Mega Mendung,2.3,7,-3.0044828,104.8018393,Seberang Ulu II,https://www.google.com/maps/search/?api=1&query=Indomaret%20Mega%20Mendung&query_place_id=ChIJh7VUe4udOy4RYDcCa18Ny-I,Seberang Ulu II,12784,0,0,1
Indomaret Talangputri,4.5,68,-3.0154591,104.8237203,Rambutan,https://www.google.com/maps/search/?api=1&query=Indomaret%20Talangputri&query_place_id=ChIJH05aV7adOy4RJv89JLdGA5s,Plaju,6026,1,0,0
Indomaret Simpang Petai,4.0,137,-3.0222361,104.8064954,Plaju,https://www.google.com/maps/search/?api=1&query=Indomaret%20Simpang%20Petai&query_place_id=ChIJQZh4Gg-dOy4ROXGuAZbojzY,Plaju,6026,0,0,1
Indomaret,2.6,5,-2.9986518,104.7933903,Seberang Ulu II,https://www.google.com/maps/search/?api=1&query=Indomaret&query_place_id=ChIJaUvMyWKdOy4RNKVgef3NUt0,Seberang Ulu II,12784,1,0,0
Indomaret Panjaitan 1343,4.4,88,-2.9914856,104.795253,Seberang Ulu II,https://www.google.com/maps/search/?api=1&query=Indomaret%20Panjaitan%201343&query_place_id=ChIJ22mcTQd3Oy4R53asO2wx8rY,Seberang Ulu II,12784,1,0,0
Indomaret Yaktapena 2,3.5,8,-2.9916924,104.784439,Seberang Ulu II,https://www.google.com/maps/search/?api=1&query=Indomaret%20Yaktapena%202&query_place_id=ChIJZR5zafp3Oy4RFDU2vpMMdVM,Seberang Ulu II,12784,1,0,0
Indomaret Point,5.0,2,-2.9758444,104.752428,Ilir Timur I,https://www.google.com/maps/search/?api=1&query=Indomaret%20Point&query_place_id=ChIJw2V6DgB3Oy4RuLI1YInbxlY,Ilir Timur I,12765,0,0,1
Indomaret | 20 Ilir D II - Kota Palembang,4.8,12,-2.9584912,104.7542033,Kemuning,https://www.google.com/maps/search/?api=1&query=Indomaret%20%7C%2020%20Ilir%20D%20II%20-%20Kota%20Palembang&query_place_id=ChIJdTFzun92Oy4RZikV4s-YxEs,Kemuning,12621,1,0,0
Indomaret Letkol Iskandar 2,4.6,11,-2.9838822,104.7558108,Bukit Kecil,https://www.google.com/maps/search/?api=1&query=Indomaret%20Letkol%20Iskandar%202&query_place_id=ChIJS5iZ5Ah2Oy4RpxIUDKGiOJI,Bukit Kecil,16048,1,0,0
Indomaret Mayor Ruslan,4.0,22,-2.9737341,104.7582653,Ilir Timur I,https://www.google.com/maps/search/?api=1&query=Indomaret%20Mayor%20Ruslan&query_place_id=ChIJ0wqkhnN2Oy4RoP69C1ao4CI,Ilir Timur I,12765,1,0,0
Indomaret Mayor Salim Batubara 2,4.4,11,-2.9628646,104.758892,Kemuning,https://www.google.com/maps/search/?api=1&query=Indomaret%20Mayor%20Salim%20Batubara%202&query_place_id=ChIJYWI76nt2Oy4RFiSm8yhoJ5w,Kemuning,12621,1,0,0
Indomaret T06D Mayor Salim Batubara,5.0,4,-2.9605039,104.757806,Kemuning,https://www.google.com/maps/search/?api=1&query=Indomaret%20T06D%20Mayor%20Salim%20Batubara&query_place_id=ChIJM_CWn352Oy4RbbzxA5hA2GQ,Kemuning,12621,1,0,0
Indomaret,4.7,12,-2.9776436,104.758326,Ilir Timur I,https://www.google.com/maps/search/?api=1&query=Indomaret&query_place_id=ChIJ-QLRmAx2Oy4RcFfPf_VbGHc,Ilir Timur I,12765,1,0,0
Indomaret kompol moh damsyik,4.5,112,-2.9664445,104.7529183,Kemuning,https://www.google.com/maps/search/?api=1&query=Indomaret%20kompol%20moh%20damsyik&query_place_id=ChIJ-7spjDN3Oy4RhIB1eZZgPlU,Kemuning,12621,0,0,1
Indomaret Kapten Rivai 1436,4.5,12,-2.9784348,104.7494519,Ilir Timur I,https://www.google.com/maps/search/?api=1&query=Indomaret%20Kapten%20Rivai%201436&query_place_id=ChIJdYCTy091Oy4Rh9VfPu7cx5Y,Ilir Timur I,12765,0,0,1
INDOMARET MAYOR SALIM BATUBARA 2001,1.9,20,-2.9687682,104.7552426,Ilir Timur I,https://www.google.com/maps/search/?api=1&query=INDOMARET%20MAYOR%20SALIM%20BATUBARA%202001&query_place_id=ChIJq2aSeIt3Oy4ROmfJhzjfAPg,Ilir Timur I,12765,1,0,0
